order_id,customer_id,ordered_at,status,currency,amount
50000,153,2026-09-02,delivered,USD,83.02
50001,127,2026-08-06,delivered,EUR,90.38
50002,149,2026-09-01,delivered,EUR,28.88
50003,147,2026-08-22,delivered,EUR,150.10
50004,116,2026-08-21,placed,USD,97.69
50005,114,2026-08-12,delivered,USD,73.43
50006,155,2026-08-27,delivered,EUR,72.62
50007,104,2026-09-23,delivered,EUR,281.64
50008,131,2026-08-23,delivered,EUR,121.00
50009,112,2026-08-19,returned,EUR,125.35
50010,108,2026-08-14,delivered,USD,31.15
50011,129,2026-09-03,delivered,EUR,35.68
50012,146,2026-08-15,shipped,EUR,81.48
50013,143,2026-09-24,delivered,EUR,124.05
50014,146,2026-09-23,shipped,EUR,88.11
50015,143,2026-09-16,shipped,EUR,63.52
50016,153,2026-09-27,shipped,USD,108.82
50017,158,2026-08-30,delivered,USD,156.55
50018,124,2026-08-18,delivered,USD,26.75
50019,127,2026-08-04,shipped,EUR,93.40
50020,134,2026-09-08,placed,USD,20.39
50021,150,2026-08-08,placed,USD,47.77
50022,134,2026-09-05,shipped,USD,90.94
50023,149,2026-08-09,returned,EUR,153.00
50024,124,2026-08-02,returned,USD,175.74
50025,114,2026-09-27,delivered,USD,110.14
50026,109,2026-08-09,shipped,USD,66.29
50027,128,2026-08-19,placed,EUR,54.38
50028,146,2026-08-11,shipped,EUR,193.98
50029,154,2026-08-12,cancelled,EUR,24.09
50030,110,2026-08-14,placed,USD,218.59
50031,140,2026-08-18,delivered,USD,226.38
50032,147,2026-08-08,delivered,EUR,387.50
50033,136,2026-09-09,placed,USD,31.39
50034,149,2026-09-04,shipped,EUR,85.02
50035,149,2026-08-24,cancelled,EUR,42.22
50036,154,2026-09-20,shipped,EUR,114.59
50037,134,2026-09-24,delivered,USD,60.76
50038,137,2026-08-10,delivered,EUR,108.99
50039,120,2026-09-03,shipped,USD,118.01
50040,130,2026-08-07,delivered,USD,233.85
50041,132,2026-08-05,shipped,EUR,88.67
50042,122,2026-09-11,delivered,EUR,88.57
50043,109,2026-08-19,shipped,USD,110.97
50044,158,2026-09-15,shipped,USD,133.39
50045,142,2026-08-21,shipped,USD,117.26
50046,126,2026-09-10,shipped,EUR,117.07
50047,122,2026-09-02,shipped,EUR,98.52
50048,124,2026-08-21,delivered,USD,104.89
50049,130,2026-08-29,delivered,USD,53.75
50050,124,2026-08-19,delivered,USD,36.56
50051,108,2026-08-15,delivered,USD,35.31
50052,100,2026-08-26,shipped,USD,50.10
50053,143,2026-08-22,delivered,EUR,92.01
50054,138,2026-08-21,returned,USD,58.08
50055,159,2026-09-14,placed,USD,22.07
50056,130,2026-09-05,delivered,USD,82.76
50057,114,2026-08-26,delivered,USD,98.44
50058,108,2026-08-26,placed,USD,51.60
50059,116,2026-09-17,delivered,USD,89.67
50060,104,2026-09-11,delivered,EUR,791.31
50061,124,2026-08-08,shipped,USD,28.31
50062,111,2026-09-05,shipped,USD,60.00
50063,120,2026-08-19,delivered,USD,207.10
50064,136,2026-09-15,shipped,USD,104.15
50065,108,2026-08-02,delivered,USD,38.61
50066,135,2026-08-25,delivered,EUR,17.45
50067,147,2026-08-03,placed,EUR,180.80
50068,115,2026-09-07,shipped,USD,89.39
50069,135,2026-09-24,delivered,EUR,273.52
50070,112,2026-09-07,delivered,EUR,48.02
50071,132,2026-09-24,delivered,EUR,235.22
50072,142,2026-09-05,shipped,USD,69.02
50073,156,2026-08-10,delivered,EUR,37.93
50074,147,2026-08-22,placed,EUR,68.58
50075,107,2026-09-07,returned,USD,168.94
50076,123,2026-09-15,shipped,USD,60.28
50077,121,2026-08-11,delivered,USD,59.98
50078,146,2026-08-28,delivered,EUR,150.50
50079,133,2026-08-19,cancelled,USD,93.30
50080,129,2026-09-25,placed,EUR,38.86
50081,117,2026-09-25,cancelled,USD,148.59
50082,146,2026-08-27,delivered,EUR,239.17
50083,110,2026-08-24,delivered,USD,145.24
50084,108,2026-09-18,delivered,USD,35.68
50085,113,2026-09-11,shipped,USD,102.55
50086,111,2026-08-24,placed,USD,45.72
50087,135,2026-08-25,shipped,EUR,106.36
50088,140,2026-09-27,placed,USD,41.94
50089,130,2026-09-05,shipped,USD,243.54
50090,159,2026-08-20,returned,USD,100.78
50091,114,2026-09-26,delivered,USD,122.21
50092,101,2026-08-25,delivered,USD,71.81
50093,151,2026-08-10,delivered,EUR,29.09
50094,155,2026-09-07,shipped,EUR,97.79
50095,124,2026-09-09,shipped,USD,144.36
50096,113,2026-09-19,delivered,USD,51.76
50097,134,2026-08-20,placed,USD,62.44
50098,101,2026-09-25,delivered,USD,87.15
50099,145,2026-08-31,delivered,USD,38.34
50100,133,2026-08-14,delivered,USD,53.00
50101,159,2026-09-22,shipped,USD,60.65
50102,117,2026-09-21,shipped,USD,30.95
50103,123,2026-08-13,delivered,USD,130.47
50104,143,2026-08-28,delivered,EUR,176.02
50105,126,2026-08-15,placed,EUR,44.68
50106,148,2026-09-03,shipped,USD,142.45
50107,139,2026-08-18,shipped,EUR,246.58
50108,148,2026-09-07,delivered,USD,124.60
50109,137,2026-08-06,delivered,EUR,145.00
50110,135,2026-08-28,delivered,EUR,30.59
50111,141,2026-09-18,cancelled,EUR,40.56
50112,122,2026-08-22,placed,EUR,96.70
50113,122,2026-09-04,returned,EUR,86.97
50114,116,2026-08-08,shipped,USD,79.38
50115,120,2026-08-21,shipped,USD,82.75
50116,134,2026-09-18,delivered,USD,215.75
50117,106,2026-09-20,shipped,EUR,81.61
50118,147,2026-08-02,shipped,EUR,128.85
50119,158,2026-08-08,placed,USD,247.97
50120,119,2026-08-02,placed,USD,61.43
50121,124,2026-09-01,shipped,USD,220.32
50122,119,2026-09-19,delivered,USD,34.84
50123,101,2026-09-06,cancelled,USD,32.21
50124,156,2026-08-05,delivered,EUR,45.88
50125,132,2026-09-11,shipped,EUR,48.47
50126,107,2026-09-25,shipped,USD,164.90
50127,117,2026-09-15,delivered,USD,68.97
50128,102,2026-08-03,delivered,USD,28.57
50129,130,2026-09-06,delivered,USD,32.03
50130,133,2026-08-17,delivered,USD,70.99
50131,135,2026-08-11,shipped,EUR,19.54
50132,124,2026-09-19,delivered,USD,66.87
50133,153,2026-09-06,delivered,USD,104.63
50134,109,2026-09-10,shipped,USD,15.67
50135,126,2026-08-04,cancelled,EUR,51.95
50136,113,2026-08-08,delivered,USD,167.31
50137,147,2026-09-16,shipped,EUR,115.71
50138,154,2026-08-24,placed,EUR,84.08
50139,159,2026-09-01,placed,USD,58.87
50140,112,2026-09-22,cancelled,EUR,100.58
50141,153,2026-08-30,delivered,USD,148.11
50142,140,2026-08-27,shipped,USD,84.87
50143,140,2026-08-22,shipped,USD,49.33
50144,157,2026-08-28,shipped,EUR,13.49
50145,150,2026-08-22,delivered,USD,88.24
50146,144,2026-09-27,placed,EUR,86.91
50147,121,2026-08-05,delivered,USD,27.08
50148,102,2026-08-25,delivered,USD,36.77
50149,107,2026-09-18,delivered,USD,97.78
50150,114,2026-08-25,cancelled,USD,169.45
50151,127,2026-08-10,shipped,EUR,85.04
50152,157,2026-08-16,shipped,EUR,58.23
50153,146,2026-09-12,delivered,EUR,42.06
50154,103,2026-08-14,shipped,EUR,80.13
50155,155,2026-09-05,returned,EUR,199.87
50156,157,2026-08-27,delivered,EUR,44.83
50157,103,2026-08-01,delivered,EUR,65.59
50158,133,2026-09-24,shipped,USD,73.90
50159,115,2026-08-27,returned,USD,77.58
50160,144,2026-09-03,delivered,EUR,19.78
50161,118,2026-09-07,shipped,EUR,106.73
50162,152,2026-09-24,shipped,EUR,97.34
50163,115,2026-09-10,delivered,USD,60.07
50164,147,2026-08-22,delivered,EUR,71.01
50165,114,2026-08-25,delivered,USD,65.57
50166,145,2026-09-16,shipped,USD,168.64
50167,102,2026-09-01,placed,USD,61.50
50168,152,2026-08-19,delivered,EUR,57.29
50169,134,2026-09-18,delivered,USD,38.83
50170,153,2026-09-07,returned,USD,29.90
50171,152,2026-09-13,delivered,EUR,229.67
50172,136,2026-09-08,delivered,USD,63.02
50173,100,2026-09-08,placed,USD,51.33
50174,132,2026-09-22,cancelled,EUR,128.39
50175,138,2026-09-19,delivered,USD,32.73
50176,129,2026-08-22,cancelled,EUR,85.70
50177,104,2026-09-23,delivered,EUR,155.79
50178,115,2026-08-03,delivered,USD,75.79
50179,121,2026-09-22,placed,USD,171.58
50180,129,2026-08-01,delivered,EUR,82.12
50181,130,2026-09-19,cancelled,USD,116.17
50182,122,2026-08-26,placed,EUR,35.36
50183,134,2026-09-11,placed,USD,210.74
50184,101,2026-08-28,delivered,USD,38.26
50185,124,2026-09-05,delivered,USD,45.03
50186,107,2026-08-15,delivered,USD,62.35
50187,108,2026-08-11,returned,USD,147.61
50188,110,2026-09-12,returned,USD,88.04
50189,120,2026-08-13,delivered,USD,94.82
50190,113,2026-09-05,delivered,USD,140.89
50191,149,2026-08-12,shipped,EUR,54.99
50192,139,2026-08-29,shipped,EUR,40.74
50193,124,2026-09-15,shipped,USD,49.21
50194,124,2026-09-25,placed,USD,48.16
50195,137,2026-09-13,returned,EUR,114.51
50196,151,2026-09-13,shipped,EUR,158.13
50197,104,2026-08-16,delivered,EUR,50.47
50198,140,2026-09-21,delivered,USD,93.97
50199,156,2026-08-25,placed,EUR,9.16
50200,130,2026-08-18,delivered,USD,56.57
50201,150,2026-08-25,delivered,USD,105.02
50202,115,2026-08-07,returned,USD,105.06
50203,139,2026-08-21,delivered,EUR,13.97
50204,132,2026-09-11,shipped,EUR,268.78
50205,128,2026-08-05,cancelled,EUR,161.12
50206,138,2026-08-18,delivered,USD,175.45
50207,124,2026-08-28,delivered,USD,61.90
50208,144,2026-08-10,returned,EUR,256.46
50209,135,2026-09-07,delivered,EUR,25.22
50210,115,2026-09-24,placed,USD,40.25
50211,116,2026-08-22,delivered,USD,134.29
50212,101,2026-09-17,delivered,USD,165.65
50213,119,2026-09-05,shipped,USD,60.12
50214,153,2026-08-28,shipped,USD,53.90
50215,141,2026-09-22,shipped,EUR,37.23
50216,123,2026-08-16,shipped,USD,42.88
50217,158,2026-08-17,shipped,USD,47.79
50218,122,2026-08-19,placed,EUR,36.67
50219,152,2026-09-05,delivered,EUR,56.20
50220,147,2026-09-06,delivered,EUR,83.98
50221,134,2026-09-14,cancelled,USD,41.62
50222,138,2026-09-03,returned,USD,64.88
50223,130,2026-08-28,delivered,USD,107.74
50224,151,2026-09-13,delivered,EUR,32.25
50225,154,2026-08-18,delivered,EUR,165.28
50226,105,2026-09-01,shipped,USD,121.29
50227,127,2026-09-17,delivered,EUR,30.57
50228,137,2026-08-05,delivered,EUR,49.78
50229,118,2026-09-05,delivered,EUR,47.60
50230,147,2026-09-16,delivered,EUR,121.54
50231,157,2026-09-22,delivered,EUR,73.15
50232,128,2026-09-22,delivered,EUR,199.23
50233,104,2026-09-22,placed,EUR,71.77
50234,100,2026-08-07,placed,USD,168.29
50235,143,2026-09-14,delivered,EUR,52.64
50236,147,2026-09-05,cancelled,EUR,91.18
50237,140,2026-08-31,delivered,USD,87.97
50238,116,2026-09-13,shipped,USD,58.36
50239,106,2026-09-22,shipped,EUR,297.88
